# key,input,result,count
oak_planks_to_stick,oak_planks,stick,2
oak_planks_to_oak_stairs,oak_planks,oak_stairs,1
oak_planks_to_oak_slab,oak_planks,oak_slab,2
oak_planks_to_oak_fence,oak_planks,oak_fence,1
oak_planks_to_oak_fence_gate,oak_planks,oak_fence_gate,1
oak_planks_to_oak_door,oak_planks,oak_door,1
oak_planks_to_oak_trapdoor,oak_planks,oak_trapdoor,1
oak_planks_to_oak_pressure_plate,oak_planks,oak_pressure_plate,1
oak_planks_to_oak_button,oak_planks,oak_button,1
oak_planks_to_oak_sign,oak_planks,oak_sign,1
oak_log_to_oak_planks,oak_log,oak_planks,4
oak_log_to_stick,oak_log,stick,8
oak_log_to_oak_stairs,oak_log,oak_stairs,4
oak_log_to_oak_slab,oak_log,oak_slab,8
oak_log_to_oak_fence,oak_log,oak_fence,4
oak_log_to_oak_fence_gate,oak_log,oak_fence_gate,4
oak_log_to_oak_door,oak_log,oak_door,4
oak_log_to_oak_trapdoor,oak_log,oak_trapdoor,4
oak_log_to_oak_pressure_plate,oak_log,oak_pressure_plate,4
oak_log_to_oak_button,oak_log,oak_button,4
oak_log_to_oak_sign,oak_log,oak_sign,4
oak_wood_to_oak_planks,oak_wood,oak_planks,4
oak_wood_to_stick,oak_wood,stick,8
oak_wood_to_oak_stairs,oak_wood,oak_stairs,4
oak_wood_to_oak_slab,oak_wood,oak_slab,8
oak_wood_to_oak_fence,oak_wood,oak_fence,4
oak_wood_to_oak_fence_gate,oak_wood,oak_fence_gate,4
oak_wood_to_oak_door,oak_wood,oak_door,4
oak_wood_to_oak_trapdoor,oak_wood,oak_trapdoor,4
oak_wood_to_oak_pressure_plate,oak_wood,oak_pressure_plate,4
oak_wood_to_oak_button,oak_wood,oak_button,4
oak_wood_to_oak_sign,oak_wood,oak_sign,4
stripped_oak_log_to_oak_planks,stripped_oak_log,oak_planks,4
stripped_oak_log_to_stick,stripped_oak_log,stick,8
stripped_oak_log_to_oak_stairs,stripped_oak_log,oak_stairs,4
stripped_oak_log_to_oak_slab,stripped_oak_log,oak_slab,8
stripped_oak_log_to_oak_fence,stripped_oak_log,oak_fence,4
stripped_oak_log_to_oak_fence_gate,stripped_oak_log,oak_fence_gate,4
stripped_oak_log_to_oak_door,stripped_oak_log,oak_door,4
stripped_oak_log_to_oak_trapdoor,stripped_oak_log,oak_trapdoor,4
stripped_oak_log_to_oak_pressure_plate,stripped_oak_log,oak_pressure_plate,4
stripped_oak_log_to_oak_button,stripped_oak_log,oak_button,4
stripped_oak_log_to_oak_sign,stripped_oak_log,oak_sign,4
stripped_oak_wood_to_oak_planks,stripped_oak_wood,oak_planks,4
stripped_oak_wood_to_stick,stripped_oak_wood,stick,8
stripped_oak_wood_to_oak_stairs,stripped_oak_wood,oak_stairs,4
stripped_oak_wood_to_oak_slab,stripped_oak_wood,oak_slab,8
stripped_oak_wood_to_oak_fence,stripped_oak_wood,oak_fence,4
stripped_oak_wood_to_oak_fence_gate,stripped_oak_wood,oak_fence_gate,4
stripped_oak_wood_to_oak_door,stripped_oak_wood,oak_door,4
stripped_oak_wood_to_oak_trapdoor,stripped_oak_wood,oak_trapdoor,4
stripped_oak_wood_to_oak_pressure_plate,stripped_oak_wood,oak_pressure_plate,4
stripped_oak_wood_to_oak_button,stripped_oak_wood,oak_button,4
stripped_oak_wood_to_oak_sign,stripped_oak_wood,oak_sign,4
spruce_planks_to_stick,spruce_planks,stick,2
spruce_planks_to_spruce_stairs,spruce_planks,spruce_stairs,1
spruce_planks_to_spruce_slab,spruce_planks,spruce_slab,2
spruce_planks_to_spruce_fence,spruce_planks,spruce_fence,1
spruce_planks_to_spruce_fence_gate,spruce_planks,spruce_fence_gate,1
spruce_planks_to_spruce_door,spruce_planks,spruce_door,1
spruce_planks_to_spruce_trapdoor,spruce_planks,spruce_trapdoor,1
spruce_planks_to_spruce_pressure_plate,spruce_planks,spruce_pressure_plate,1
spruce_planks_to_spruce_button,spruce_planks,spruce_button,1
spruce_planks_to_spruce_sign,spruce_planks,spruce_sign,1
spruce_log_to_spruce_planks,spruce_log,spruce_planks,4
spruce_log_to_stick,spruce_log,stick,8
spruce_log_to_spruce_stairs,spruce_log,spruce_stairs,4
spruce_log_to_spruce_slab,spruce_log,spruce_slab,8
spruce_log_to_spruce_fence,spruce_log,spruce_fence,4
spruce_log_to_spruce_fence_gate,spruce_log,spruce_fence_gate,4
spruce_log_to_spruce_door,spruce_log,spruce_door,4
spruce_log_to_spruce_trapdoor,spruce_log,spruce_trapdoor,4
spruce_log_to_spruce_pressure_plate,spruce_log,spruce_pressure_plate,4
spruce_log_to_spruce_button,spruce_log,spruce_button,4
spruce_log_to_spruce_sign,spruce_log,spruce_sign,4
spruce_wood_to_spruce_planks,spruce_wood,spruce_planks,4
spruce_wood_to_stick,spruce_wood,stick,8
spruce_wood_to_spruce_stairs,spruce_wood,spruce_stairs,4
spruce_wood_to_spruce_slab,spruce_wood,spruce_slab,8
spruce_wood_to_spruce_fence,spruce_wood,spruce_fence,4
spruce_wood_to_spruce_fence_gate,spruce_wood,spruce_fence_gate,4
spruce_wood_to_spruce_door,spruce_wood,spruce_door,4
spruce_wood_to_spruce_trapdoor,spruce_wood,spruce_trapdoor,4
spruce_wood_to_spruce_pressure_plate,spruce_wood,spruce_pressure_plate,4
spruce_wood_to_spruce_button,spruce_wood,spruce_button,4
spruce_wood_to_spruce_sign,spruce_wood,spruce_sign,4
stripped_spruce_log_to_spruce_planks,stripped_spruce_log,spruce_planks,4
stripped_spruce_log_to_stick,stripped_spruce_log,stick,8
stripped_spruce_log_to_spruce_stairs,stripped_spruce_log,spruce_stairs,4
stripped_spruce_log_to_spruce_slab,stripped_spruce_log,spruce_slab,8
stripped_spruce_log_to_spruce_fence,stripped_spruce_log,spruce_fence,4
stripped_spruce_log_to_spruce_fence_gate,stripped_spruce_log,spruce_fence_gate,4
stripped_spruce_log_to_spruce_door,stripped_spruce_log,spruce_door,4
stripped_spruce_log_to_spruce_trapdoor,stripped_spruce_log,spruce_trapdoor,4
stripped_spruce_log_to_spruce_pressure_plate,stripped_spruce_log,spruce_pressure_plate,4
stripped_spruce_log_to_spruce_button,stripped_spruce_log,spruce_button,4
stripped_spruce_log_to_spruce_sign,stripped_spruce_log,spruce_sign,4
stripped_spruce_wood_to_spruce_planks,stripped_spruce_wood,spruce_planks,4
stripped_spruce_wood_to_stick,stripped_spruce_wood,stick,8
stripped_spruce_wood_to_spruce_stairs,stripped_spruce_wood,spruce_stairs,4
stripped_spruce_wood_to_spruce_slab,stripped_spruce_wood,spruce_slab,8
stripped_spruce_wood_to_spruce_fence,stripped_spruce_wood,spruce_fence,4
stripped_spruce_wood_to_spruce_fence_gate,stripped_spruce_wood,spruce_fence_gate,4
stripped_spruce_wood_to_spruce_door,stripped_spruce_wood,spruce_door,4
stripped_spruce_wood_to_spruce_trapdoor,stripped_spruce_wood,spruce_trapdoor,4
stripped_spruce_wood_to_spruce_pressure_plate,stripped_spruce_wood,spruce_pressure_plate,4
stripped_spruce_wood_to_spruce_button,stripped_spruce_wood,spruce_button,4
stripped_spruce_wood_to_spruce_sign,stripped_spruce_wood,spruce_sign,4
birch_planks_to_stick,birch_planks,stick,2
birch_planks_to_birch_stairs,birch_planks,birch_stairs,1
birch_planks_to_birch_slab,birch_planks,birch_slab,2
birch_planks_to_birch_fence,birch_planks,birch_fence,1
birch_planks_to_birch_fence_gate,birch_planks,birch_fence_gate,1
birch_planks_to_birch_door,birch_planks,birch_door,1
birch_planks_to_birch_trapdoor,birch_planks,birch_trapdoor,1
birch_planks_to_birch_pressure_plate,birch_planks,birch_pressure_plate,1
birch_planks_to_birch_button,birch_planks,birch_button,1
birch_planks_to_birch_sign,birch_planks,birch_sign,1
birch_log_to_birch_planks,birch_log,birch_planks,4
birch_log_to_stick,birch_log,stick,8
birch_log_to_birch_stairs,birch_log,birch_stairs,4
birch_log_to_birch_slab,birch_log,birch_slab,8
birch_log_to_birch_fence,birch_log,birch_fence,4
birch_log_to_birch_fence_gate,birch_log,birch_fence_gate,4
birch_log_to_birch_door,birch_log,birch_door,4
birch_log_to_birch_trapdoor,birch_log,birch_trapdoor,4
birch_log_to_birch_pressure_plate,birch_log,birch_pressure_plate,4
birch_log_to_birch_button,birch_log,birch_button,4
birch_log_to_birch_sign,birch_log,birch_sign,4
birch_wood_to_birch_planks,birch_wood,birch_planks,4
birch_wood_to_stick,birch_wood,stick,8
birch_wood_to_birch_stairs,birch_wood,birch_stairs,4
birch_wood_to_birch_slab,birch_wood,birch_slab,8
birch_wood_to_birch_fence,birch_wood,birch_fence,4
birch_wood_to_birch_fence_gate,birch_wood,birch_fence_gate,4
birch_wood_to_birch_door,birch_wood,birch_door,4
birch_wood_to_birch_trapdoor,birch_wood,birch_trapdoor,4
birch_wood_to_birch_pressure_plate,birch_wood,birch_pressure_plate,4
birch_wood_to_birch_button,birch_wood,birch_button,4
birch_wood_to_birch_sign,birch_wood,birch_sign,4
stripped_birch_log_to_birch_planks,stripped_birch_log,birch_planks,4
stripped_birch_log_to_stick,stripped_birch_log,stick,8
stripped_birch_log_to_birch_stairs,stripped_birch_log,birch_stairs,4
stripped_birch_log_to_birch_slab,stripped_birch_log,birch_slab,8
stripped_birch_log_to_birch_fence,stripped_birch_log,birch_fence,4
stripped_birch_log_to_birch_fence_gate,stripped_birch_log,birch_fence_gate,4
stripped_birch_log_to_birch_door,stripped_birch_log,birch_door,4
stripped_birch_log_to_birch_trapdoor,stripped_birch_log,birch_trapdoor,4
stripped_birch_log_to_birch_pressure_plate,stripped_birch_log,birch_pressure_plate,4
stripped_birch_log_to_birch_button,stripped_birch_log,birch_button,4
stripped_birch_log_to_birch_sign,stripped_birch_log,birch_sign,4
stripped_birch_wood_to_birch_planks,stripped_birch_wood,birch_planks,4
stripped_birch_wood_to_stick,stripped_birch_wood,stick,8
stripped_birch_wood_to_birch_stairs,stripped_birch_wood,birch_stairs,4
stripped_birch_wood_to_birch_slab,stripped_birch_wood,birch_slab,8
stripped_birch_wood_to_birch_fence,stripped_birch_wood,birch_fence,4
stripped_birch_wood_to_birch_fence_gate,stripped_birch_wood,birch_fence_gate,4
stripped_birch_wood_to_birch_door,stripped_birch_wood,birch_door,4
stripped_birch_wood_to_birch_trapdoor,stripped_birch_wood,birch_trapdoor,4
stripped_birch_wood_to_birch_pressure_plate,stripped_birch_wood,birch_pressure_plate,4
stripped_birch_wood_to_birch_button,stripped_birch_wood,birch_button,4
stripped_birch_wood_to_birch_sign,stripped_birch_wood,birch_sign,4
jungle_planks_to_stick,jungle_planks,stick,2
jungle_planks_to_jungle_stairs,jungle_planks,jungle_stairs,1
jungle_planks_to_jungle_slab,jungle_planks,jungle_slab,2
jungle_planks_to_jungle_fence,jungle_planks,jungle_fence,1
jungle_planks_to_jungle_fence_gate,jungle_planks,jungle_fence_gate,1
jungle_planks_to_jungle_door,jungle_planks,jungle_door,1
jungle_planks_to_jungle_trapdoor,jungle_planks,jungle_trapdoor,1
jungle_planks_to_jungle_pressure_plate,jungle_planks,jungle_pressure_plate,1
jungle_planks_to_jungle_button,jungle_planks,jungle_button,1
jungle_planks_to_jungle_sign,jungle_planks,jungle_sign,1
jungle_log_to_jungle_planks,jungle_log,jungle_planks,4
jungle_log_to_stick,jungle_log,stick,8
jungle_log_to_jungle_stairs,jungle_log,jungle_stairs,4
jungle_log_to_jungle_slab,jungle_log,jungle_slab,8
jungle_log_to_jungle_fence,jungle_log,jungle_fence,4
jungle_log_to_jungle_fence_gate,jungle_log,jungle_fence_gate,4
jungle_log_to_jungle_door,jungle_log,jungle_door,4
jungle_log_to_jungle_trapdoor,jungle_log,jungle_trapdoor,4
jungle_log_to_jungle_pressure_plate,jungle_log,jungle_pressure_plate,4
jungle_log_to_jungle_button,jungle_log,jungle_button,4
jungle_log_to_jungle_sign,jungle_log,jungle_sign,4
jungle_wood_to_jungle_planks,jungle_wood,jungle_planks,4
jungle_wood_to_stick,jungle_wood,stick,8
jungle_wood_to_jungle_stairs,jungle_wood,jungle_stairs,4
jungle_wood_to_jungle_slab,jungle_wood,jungle_slab,8
jungle_wood_to_jungle_fence,jungle_wood,jungle_fence,4
jungle_wood_to_jungle_fence_gate,jungle_wood,jungle_fence_gate,4
jungle_wood_to_jungle_door,jungle_wood,jungle_door,4
jungle_wood_to_jungle_trapdoor,jungle_wood,jungle_trapdoor,4
jungle_wood_to_jungle_pressure_plate,jungle_wood,jungle_pressure_plate,4
jungle_wood_to_jungle_button,jungle_wood,jungle_button,4
jungle_wood_to_jungle_sign,jungle_wood,jungle_sign,4
stripped_jungle_log_to_jungle_planks,stripped_jungle_log,jungle_planks,4
stripped_jungle_log_to_stick,stripped_jungle_log,stick,8
stripped_jungle_log_to_jungle_stairs,stripped_jungle_log,jungle_stairs,4
stripped_jungle_log_to_jungle_slab,stripped_jungle_log,jungle_slab,8
stripped_jungle_log_to_jungle_fence,stripped_jungle_log,jungle_fence,4
stripped_jungle_log_to_jungle_fence_gate,stripped_jungle_log,jungle_fence_gate,4
stripped_jungle_log_to_jungle_door,stripped_jungle_log,jungle_door,4
stripped_jungle_log_to_jungle_trapdoor,stripped_jungle_log,jungle_trapdoor,4
stripped_jungle_log_to_jungle_pressure_plate,stripped_jungle_log,jungle_pressure_plate,4
stripped_jungle_log_to_jungle_button,stripped_jungle_log,jungle_button,4
stripped_jungle_log_to_jungle_sign,stripped_jungle_log,jungle_sign,4
stripped_jungle_wood_to_jungle_planks,stripped_jungle_wood,jungle_planks,4
stripped_jungle_wood_to_stick,stripped_jungle_wood,stick,8
stripped_jungle_wood_to_jungle_stairs,stripped_jungle_wood,jungle_stairs,4
stripped_jungle_wood_to_jungle_slab,stripped_jungle_wood,jungle_slab,8
stripped_jungle_wood_to_jungle_fence,stripped_jungle_wood,jungle_fence,4
stripped_jungle_wood_to_jungle_fence_gate,stripped_jungle_wood,jungle_fence_gate,4
stripped_jungle_wood_to_jungle_door,stripped_jungle_wood,jungle_door,4
stripped_jungle_wood_to_jungle_trapdoor,stripped_jungle_wood,jungle_trapdoor,4
stripped_jungle_wood_to_jungle_pressure_plate,stripped_jungle_wood,jungle_pressure_plate,4
stripped_jungle_wood_to_jungle_button,stripped_jungle_wood,jungle_button,4
stripped_jungle_wood_to_jungle_sign,stripped_jungle_wood,jungle_sign,4
acacia_planks_to_stick,acacia_planks,stick,2
acacia_planks_to_acacia_stairs,acacia_planks,acacia_stairs,1
acacia_planks_to_acacia_slab,acacia_planks,acacia_slab,2
acacia_planks_to_acacia_fence,acacia_planks,acacia_fence,1
acacia_planks_to_acacia_fence_gate,acacia_planks,acacia_fence_gate,1
acacia_planks_to_acacia_door,acacia_planks,acacia_door,1
acacia_planks_to_acacia_trapdoor,acacia_planks,acacia_trapdoor,1
acacia_planks_to_acacia_pressure_plate,acacia_planks,acacia_pressure_plate,1
acacia_planks_to_acacia_button,acacia_planks,acacia_button,1
acacia_planks_to_acacia_sign,acacia_planks,acacia_sign,1
acacia_log_to_acacia_planks,acacia_log,acacia_planks,4
acacia_log_to_stick,acacia_log,stick,8
acacia_log_to_acacia_stairs,acacia_log,acacia_stairs,4
acacia_log_to_acacia_slab,acacia_log,acacia_slab,8
acacia_log_to_acacia_fence,acacia_log,acacia_fence,4
acacia_log_to_acacia_fence_gate,acacia_log,acacia_fence_gate,4
acacia_log_to_acacia_door,acacia_log,acacia_door,4
acacia_log_to_acacia_trapdoor,acacia_log,acacia_trapdoor,4
acacia_log_to_acacia_pressure_plate,acacia_log,acacia_pressure_plate,4
acacia_log_to_acacia_button,acacia_log,acacia_button,4
acacia_log_to_acacia_sign,acacia_log,acacia_sign,4
acacia_wood_to_acacia_planks,acacia_wood,acacia_planks,4
acacia_wood_to_stick,acacia_wood,stick,8
acacia_wood_to_acacia_stairs,acacia_wood,acacia_stairs,4
acacia_wood_to_acacia_slab,acacia_wood,acacia_slab,8
acacia_wood_to_acacia_fence,acacia_wood,acacia_fence,4
acacia_wood_to_acacia_fence_gate,acacia_wood,acacia_fence_gate,4
acacia_wood_to_acacia_door,acacia_wood,acacia_door,4
acacia_wood_to_acacia_trapdoor,acacia_wood,acacia_trapdoor,4
acacia_wood_to_acacia_pressure_plate,acacia_wood,acacia_pressure_plate,4
acacia_wood_to_acacia_button,acacia_wood,acacia_button,4
acacia_wood_to_acacia_sign,acacia_wood,acacia_sign,4
stripped_acacia_log_to_acacia_planks,stripped_acacia_log,acacia_planks,4
stripped_acacia_log_to_stick,stripped_acacia_log,stick,8
stripped_acacia_log_to_acacia_stairs,stripped_acacia_log,acacia_stairs,4
stripped_acacia_log_to_acacia_slab,stripped_acacia_log,acacia_slab,8
stripped_acacia_log_to_acacia_fence,stripped_acacia_log,acacia_fence,4
stripped_acacia_log_to_acacia_fence_gate,stripped_acacia_log,acacia_fence_gate,4
stripped_acacia_log_to_acacia_door,stripped_acacia_log,acacia_door,4
stripped_acacia_log_to_acacia_trapdoor,stripped_acacia_log,acacia_trapdoor,4
stripped_acacia_log_to_acacia_pressure_plate,stripped_acacia_log,acacia_pressure_plate,4
stripped_acacia_log_to_acacia_button,stripped_acacia_log,acacia_button,4
stripped_acacia_log_to_acacia_sign,stripped_acacia_log,acacia_sign,4
stripped_acacia_wood_to_acacia_planks,stripped_acacia_wood,acacia_planks,4
stripped_acacia_wood_to_stick,stripped_acacia_wood,stick,8
stripped_acacia_wood_to_acacia_stairs,stripped_acacia_wood,acacia_stairs,4
stripped_acacia_wood_to_acacia_slab,stripped_acacia_wood,acacia_slab,8
stripped_acacia_wood_to_acacia_fence,stripped_acacia_wood,acacia_fence,4
stripped_acacia_wood_to_acacia_fence_gate,stripped_acacia_wood,acacia_fence_gate,4
stripped_acacia_wood_to_acacia_door,stripped_acacia_wood,acacia_door,4
stripped_acacia_wood_to_acacia_trapdoor,stripped_acacia_wood,acacia_trapdoor,4
stripped_acacia_wood_to_acacia_pressure_plate,stripped_acacia_wood,acacia_pressure_plate,4
stripped_acacia_wood_to_acacia_button,stripped_acacia_wood,acacia_button,4
stripped_acacia_wood_to_acacia_sign,stripped_acacia_wood,acacia_sign,4
dark_oak_planks_to_stick,dark_oak_planks,stick,2
dark_oak_planks_to_dark_oak_stairs,dark_oak_planks,dark_oak_stairs,1
dark_oak_planks_to_dark_oak_slab,dark_oak_planks,dark_oak_slab,2
dark_oak_planks_to_dark_oak_fence,dark_oak_planks,dark_oak_fence,1
dark_oak_planks_to_dark_oak_fence_gate,dark_oak_planks,dark_oak_fence_gate,1
dark_oak_planks_to_dark_oak_door,dark_oak_planks,dark_oak_door,1
dark_oak_planks_to_dark_oak_trapdoor,dark_oak_planks,dark_oak_trapdoor,1
dark_oak_planks_to_dark_oak_pressure_plate,dark_oak_planks,dark_oak_pressure_plate,1
dark_oak_planks_to_dark_oak_button,dark_oak_planks,dark_oak_button,1
dark_oak_planks_to_dark_oak_sign,dark_oak_planks,dark_oak_sign,1
dark_oak_log_to_dark_oak_planks,dark_oak_log,dark_oak_planks,4
dark_oak_log_to_stick,dark_oak_log,stick,8
dark_oak_log_to_dark_oak_stairs,dark_oak_log,dark_oak_stairs,4
dark_oak_log_to_dark_oak_slab,dark_oak_log,dark_oak_slab,8
dark_oak_log_to_dark_oak_fence,dark_oak_log,dark_oak_fence,4
dark_oak_log_to_dark_oak_fence_gate,dark_oak_log,dark_oak_fence_gate,4
dark_oak_log_to_dark_oak_door,dark_oak_log,dark_oak_door,4
dark_oak_log_to_dark_oak_trapdoor,dark_oak_log,dark_oak_trapdoor,4
dark_oak_log_to_dark_oak_pressure_plate,dark_oak_log,dark_oak_pressure_plate,4
dark_oak_log_to_dark_oak_button,dark_oak_log,dark_oak_button,4
dark_oak_log_to_dark_oak_sign,dark_oak_log,dark_oak_sign,4
dark_oak_wood_to_dark_oak_planks,dark_oak_wood,dark_oak_planks,4
dark_oak_wood_to_stick,dark_oak_wood,stick,8
dark_oak_wood_to_dark_oak_stairs,dark_oak_wood,dark_oak_stairs,4
dark_oak_wood_to_dark_oak_slab,dark_oak_wood,dark_oak_slab,8
dark_oak_wood_to_dark_oak_fence,dark_oak_wood,dark_oak_fence,4
dark_oak_wood_to_dark_oak_fence_gate,dark_oak_wood,dark_oak_fence_gate,4
dark_oak_wood_to_dark_oak_door,dark_oak_wood,dark_oak_door,4
dark_oak_wood_to_dark_oak_trapdoor,dark_oak_wood,dark_oak_trapdoor,4
dark_oak_wood_to_dark_oak_pressure_plate,dark_oak_wood,dark_oak_pressure_plate,4
dark_oak_wood_to_dark_oak_button,dark_oak_wood,dark_oak_button,4
dark_oak_wood_to_dark_oak_sign,dark_oak_wood,dark_oak_sign,4
stripped_dark_oak_log_to_dark_oak_planks,stripped_dark_oak_log,dark_oak_planks,4
stripped_dark_oak_log_to_stick,stripped_dark_oak_log,stick,8
stripped_dark_oak_log_to_dark_oak_stairs,stripped_dark_oak_log,dark_oak_stairs,4
stripped_dark_oak_log_to_dark_oak_slab,stripped_dark_oak_log,dark_oak_slab,8
stripped_dark_oak_log_to_dark_oak_fence,stripped_dark_oak_log,dark_oak_fence,4
stripped_dark_oak_log_to_dark_oak_fence_gate,stripped_dark_oak_log,dark_oak_fence_gate,4
stripped_dark_oak_log_to_dark_oak_door,stripped_dark_oak_log,dark_oak_door,4
stripped_dark_oak_log_to_dark_oak_trapdoor,stripped_dark_oak_log,dark_oak_trapdoor,4
stripped_dark_oak_log_to_dark_oak_pressure_plate,stripped_dark_oak_log,dark_oak_pressure_plate,4
stripped_dark_oak_log_to_dark_oak_button,stripped_dark_oak_log,dark_oak_button,4
stripped_dark_oak_log_to_dark_oak_sign,stripped_dark_oak_log,dark_oak_sign,4
stripped_dark_oak_wood_to_dark_oak_planks,stripped_dark_oak_wood,dark_oak_planks,4
stripped_dark_oak_wood_to_stick,stripped_dark_oak_wood,stick,8
stripped_dark_oak_wood_to_dark_oak_stairs,stripped_dark_oak_wood,dark_oak_stairs,4
stripped_dark_oak_wood_to_dark_oak_slab,stripped_dark_oak_wood,dark_oak_slab,8
stripped_dark_oak_wood_to_dark_oak_fence,stripped_dark_oak_wood,dark_oak_fence,4
stripped_dark_oak_wood_to_dark_oak_fence_gate,stripped_dark_oak_wood,dark_oak_fence_gate,4
stripped_dark_oak_wood_to_dark_oak_door,stripped_dark_oak_wood,dark_oak_door,4
stripped_dark_oak_wood_to_dark_oak_trapdoor,stripped_dark_oak_wood,dark_oak_trapdoor,4
stripped_dark_oak_wood_to_dark_oak_pressure_plate,stripped_dark_oak_wood,dark_oak_pressure_plate,4
stripped_dark_oak_wood_to_dark_oak_button,stripped_dark_oak_wood,dark_oak_button,4
stripped_dark_oak_wood_to_dark_oak_sign,stripped_dark_oak_wood,dark_oak_sign,4
mangrove_planks_to_stick,mangrove_planks,stick,2
mangrove_planks_to_mangrove_stairs,mangrove_planks,mangrove_stairs,1
mangrove_planks_to_mangrove_slab,mangrove_planks,mangrove_slab,2
mangrove_planks_to_mangrove_fence,mangrove_planks,mangrove_fence,1
mangrove_planks_to_mangrove_fence_gate,mangrove_planks,mangrove_fence_gate,1
mangrove_planks_to_mangrove_door,mangrove_planks,mangrove_door,1
mangrove_planks_to_mangrove_trapdoor,mangrove_planks,mangrove_trapdoor,1
mangrove_planks_to_mangrove_pressure_plate,mangrove_planks,mangrove_pressure_plate,1
mangrove_planks_to_mangrove_button,mangrove_planks,mangrove_button,1
mangrove_planks_to_mangrove_sign,mangrove_planks,mangrove_sign,1
mangrove_log_to_mangrove_planks,mangrove_log,mangrove_planks,4
mangrove_log_to_stick,mangrove_log,stick,8
mangrove_log_to_mangrove_stairs,mangrove_log,mangrove_stairs,4
mangrove_log_to_mangrove_slab,mangrove_log,mangrove_slab,8
mangrove_log_to_mangrove_fence,mangrove_log,mangrove_fence,4
mangrove_log_to_mangrove_fence_gate,mangrove_log,mangrove_fence_gate,4
mangrove_log_to_mangrove_door,mangrove_log,mangrove_door,4
mangrove_log_to_mangrove_trapdoor,mangrove_log,mangrove_trapdoor,4
mangrove_log_to_mangrove_pressure_plate,mangrove_log,mangrove_pressure_plate,4
mangrove_log_to_mangrove_button,mangrove_log,mangrove_button,4
mangrove_log_to_mangrove_sign,mangrove_log,mangrove_sign,4
mangrove_wood_to_mangrove_planks,mangrove_wood,mangrove_planks,4
mangrove_wood_to_stick,mangrove_wood,stick,8
mangrove_wood_to_mangrove_stairs,mangrove_wood,mangrove_stairs,4
mangrove_wood_to_mangrove_slab,mangrove_wood,mangrove_slab,8
mangrove_wood_to_mangrove_fence,mangrove_wood,mangrove_fence,4
mangrove_wood_to_mangrove_fence_gate,mangrove_wood,mangrove_fence_gate,4
mangrove_wood_to_mangrove_door,mangrove_wood,mangrove_door,4
mangrove_wood_to_mangrove_trapdoor,mangrove_wood,mangrove_trapdoor,4
mangrove_wood_to_mangrove_pressure_plate,mangrove_wood,mangrove_pressure_plate,4
mangrove_wood_to_mangrove_button,mangrove_wood,mangrove_button,4
mangrove_wood_to_mangrove_sign,mangrove_wood,mangrove_sign,4
stripped_mangrove_log_to_mangrove_planks,stripped_mangrove_log,mangrove_planks,4
stripped_mangrove_log_to_stick,stripped_mangrove_log,stick,8
stripped_mangrove_log_to_mangrove_stairs,stripped_mangrove_log,mangrove_stairs,4
stripped_mangrove_log_to_mangrove_slab,stripped_mangrove_log,mangrove_slab,8
stripped_mangrove_log_to_mangrove_fence,stripped_mangrove_log,mangrove_fence,4
stripped_mangrove_log_to_mangrove_fence_gate,stripped_mangrove_log,mangrove_fence_gate,4
stripped_mangrove_log_to_mangrove_door,stripped_mangrove_log,mangrove_door,4
stripped_mangrove_log_to_mangrove_trapdoor,stripped_mangrove_log,mangrove_trapdoor,4
stripped_mangrove_log_to_mangrove_pressure_plate,stripped_mangrove_log,mangrove_pressure_plate,4
stripped_mangrove_log_to_mangrove_button,stripped_mangrove_log,mangrove_button,4
stripped_mangrove_log_to_mangrove_sign,stripped_mangrove_log,mangrove_sign,4
stripped_mangrove_wood_to_mangrove_planks,stripped_mangrove_wood,mangrove_planks,4
stripped_mangrove_wood_to_stick,stripped_mangrove_wood,stick,8
stripped_mangrove_wood_to_mangrove_stairs,stripped_mangrove_wood,mangrove_stairs,4
stripped_mangrove_wood_to_mangrove_slab,stripped_mangrove_wood,mangrove_slab,8
stripped_mangrove_wood_to_mangrove_fence,stripped_mangrove_wood,mangrove_fence,4
stripped_mangrove_wood_to_mangrove_fence_gate,stripped_mangrove_wood,mangrove_fence_gate,4
stripped_mangrove_wood_to_mangrove_door,stripped_mangrove_wood,mangrove_door,4
stripped_mangrove_wood_to_mangrove_trapdoor,stripped_mangrove_wood,mangrove_trapdoor,4
stripped_mangrove_wood_to_mangrove_pressure_plate,stripped_mangrove_wood,mangrove_pressure_plate,4
stripped_mangrove_wood_to_mangrove_button,stripped_mangrove_wood,mangrove_button,4
stripped_mangrove_wood_to_mangrove_sign,stripped_mangrove_wood,mangrove_sign,4
cherry_planks_to_stick,cherry_planks,stick,2
cherry_planks_to_cherry_stairs,cherry_planks,cherry_stairs,1
cherry_planks_to_cherry_slab,cherry_planks,cherry_slab,2
cherry_planks_to_cherry_fence,cherry_planks,cherry_fence,1
cherry_planks_to_cherry_fence_gate,cherry_planks,cherry_fence_gate,1
cherry_planks_to_cherry_door,cherry_planks,cherry_door,1
cherry_planks_to_cherry_trapdoor,cherry_planks,cherry_trapdoor,1
cherry_planks_to_cherry_pressure_plate,cherry_planks,cherry_pressure_plate,1
cherry_planks_to_cherry_button,cherry_planks,cherry_button,1
cherry_planks_to_cherry_sign,cherry_planks,cherry_sign,1
cherry_log_to_cherry_planks,cherry_log,cherry_planks,4
cherry_log_to_stick,cherry_log,stick,8
cherry_log_to_cherry_stairs,cherry_log,cherry_stairs,4
cherry_log_to_cherry_slab,cherry_log,cherry_slab,8
cherry_log_to_cherry_fence,cherry_log,cherry_fence,4
cherry_log_to_cherry_fence_gate,cherry_log,cherry_fence_gate,4
cherry_log_to_cherry_door,cherry_log,cherry_door,4
cherry_log_to_cherry_trapdoor,cherry_log,cherry_trapdoor,4
cherry_log_to_cherry_pressure_plate,cherry_log,cherry_pressure_plate,4
cherry_log_to_cherry_button,cherry_log,cherry_button,4
cherry_log_to_cherry_sign,cherry_log,cherry_sign,4
cherry_wood_to_cherry_planks,cherry_wood,cherry_planks,4
cherry_wood_to_stick,cherry_wood,stick,8
cherry_wood_to_cherry_stairs,cherry_wood,cherry_stairs,4
cherry_wood_to_cherry_slab,cherry_wood,cherry_slab,8
cherry_wood_to_cherry_fence,cherry_wood,cherry_fence,4
cherry_wood_to_cherry_fence_gate,cherry_wood,cherry_fence_gate,4
cherry_wood_to_cherry_door,cherry_wood,cherry_door,4
cherry_wood_to_cherry_trapdoor,cherry_wood,cherry_trapdoor,4
cherry_wood_to_cherry_pressure_plate,cherry_wood,cherry_pressure_plate,4
cherry_wood_to_cherry_button,cherry_wood,cherry_button,4
cherry_wood_to_cherry_sign,cherry_wood,cherry_sign,4
stripped_cherry_log_to_cherry_planks,stripped_cherry_log,cherry_planks,4
stripped_cherry_log_to_stick,stripped_cherry_log,stick,8
stripped_cherry_log_to_cherry_stairs,stripped_cherry_log,cherry_stairs,4
stripped_cherry_log_to_cherry_slab,stripped_cherry_log,cherry_slab,8
stripped_cherry_log_to_cherry_fence,stripped_cherry_log,cherry_fence,4
stripped_cherry_log_to_cherry_fence_gate,stripped_cherry_log,cherry_fence_gate,4
stripped_cherry_log_to_cherry_door,stripped_cherry_log,cherry_door,4
stripped_cherry_log_to_cherry_trapdoor,stripped_cherry_log,cherry_trapdoor,4
stripped_cherry_log_to_cherry_pressure_plate,stripped_cherry_log,cherry_pressure_plate,4
stripped_cherry_log_to_cherry_button,stripped_cherry_log,cherry_button,4
stripped_cherry_log_to_cherry_sign,stripped_cherry_log,cherry_sign,4
stripped_cherry_wood_to_cherry_planks,stripped_cherry_wood,cherry_planks,4
stripped_cherry_wood_to_stick,stripped_cherry_wood,stick,8
stripped_cherry_wood_to_cherry_stairs,stripped_cherry_wood,cherry_stairs,4
stripped_cherry_wood_to_cherry_slab,stripped_cherry_wood,cherry_slab,8
stripped_cherry_wood_to_cherry_fence,stripped_cherry_wood,cherry_fence,4
stripped_cherry_wood_to_cherry_fence_gate,stripped_cherry_wood,cherry_fence_gate,4
stripped_cherry_wood_to_cherry_door,stripped_cherry_wood,cherry_door,4
stripped_cherry_wood_to_cherry_trapdoor,stripped_cherry_wood,cherry_trapdoor,4
stripped_cherry_wood_to_cherry_pressure_plate,stripped_cherry_wood,cherry_pressure_plate,4
stripped_cherry_wood_to_cherry_button,stripped_cherry_wood,cherry_button,4
stripped_cherry_wood_to_cherry_sign,stripped_cherry_wood,cherry_sign,4
pale_oak_planks_to_stick,pale_oak_planks,stick,2
pale_oak_planks_to_pale_oak_stairs,pale_oak_planks,pale_oak_stairs,1
pale_oak_planks_to_pale_oak_slab,pale_oak_planks,pale_oak_slab,2
pale_oak_planks_to_pale_oak_fence,pale_oak_planks,pale_oak_fence,1
pale_oak_planks_to_pale_oak_fence_gate,pale_oak_planks,pale_oak_fence_gate,1
pale_oak_planks_to_pale_oak_door,pale_oak_planks,pale_oak_door,1
pale_oak_planks_to_pale_oak_trapdoor,pale_oak_planks,pale_oak_trapdoor,1
pale_oak_planks_to_pale_oak_pressure_plate,pale_oak_planks,pale_oak_pressure_plate,1
pale_oak_planks_to_pale_oak_button,pale_oak_planks,pale_oak_button,1
pale_oak_planks_to_pale_oak_sign,pale_oak_planks,pale_oak_sign,1
pale_oak_log_to_pale_oak_planks,pale_oak_log,pale_oak_planks,4
pale_oak_log_to_stick,pale_oak_log,stick,8
pale_oak_log_to_pale_oak_stairs,pale_oak_log,pale_oak_stairs,4
pale_oak_log_to_pale_oak_slab,pale_oak_log,pale_oak_slab,8
pale_oak_log_to_pale_oak_fence,pale_oak_log,pale_oak_fence,4
pale_oak_log_to_pale_oak_fence_gate,pale_oak_log,pale_oak_fence_gate,4
pale_oak_log_to_pale_oak_door,pale_oak_log,pale_oak_door,4
pale_oak_log_to_pale_oak_trapdoor,pale_oak_log,pale_oak_trapdoor,4
pale_oak_log_to_pale_oak_pressure_plate,pale_oak_log,pale_oak_pressure_plate,4
pale_oak_log_to_pale_oak_button,pale_oak_log,pale_oak_button,4
pale_oak_log_to_pale_oak_sign,pale_oak_log,pale_oak_sign,4
pale_oak_wood_to_pale_oak_planks,pale_oak_wood,pale_oak_planks,4
pale_oak_wood_to_stick,pale_oak_wood,stick,8
pale_oak_wood_to_pale_oak_stairs,pale_oak_wood,pale_oak_stairs,4
pale_oak_wood_to_pale_oak_slab,pale_oak_wood,pale_oak_slab,8
pale_oak_wood_to_pale_oak_fence,pale_oak_wood,pale_oak_fence,4
pale_oak_wood_to_pale_oak_fence_gate,pale_oak_wood,pale_oak_fence_gate,4
pale_oak_wood_to_pale_oak_door,pale_oak_wood,pale_oak_door,4
pale_oak_wood_to_pale_oak_trapdoor,pale_oak_wood,pale_oak_trapdoor,4
pale_oak_wood_to_pale_oak_pressure_plate,pale_oak_wood,pale_oak_pressure_plate,4
pale_oak_wood_to_pale_oak_button,pale_oak_wood,pale_oak_button,4
pale_oak_wood_to_pale_oak_sign,pale_oak_wood,pale_oak_sign,4
stripped_pale_oak_log_to_pale_oak_planks,stripped_pale_oak_log,pale_oak_planks,4
stripped_pale_oak_log_to_stick,stripped_pale_oak_log,stick,8
stripped_pale_oak_log_to_pale_oak_stairs,stripped_pale_oak_log,pale_oak_stairs,4
stripped_pale_oak_log_to_pale_oak_slab,stripped_pale_oak_log,pale_oak_slab,8
stripped_pale_oak_log_to_pale_oak_fence,stripped_pale_oak_log,pale_oak_fence,4
stripped_pale_oak_log_to_pale_oak_fence_gate,stripped_pale_oak_log,pale_oak_fence_gate,4
stripped_pale_oak_log_to_pale_oak_door,stripped_pale_oak_log,pale_oak_door,4
stripped_pale_oak_log_to_pale_oak_trapdoor,stripped_pale_oak_log,pale_oak_trapdoor,4
stripped_pale_oak_log_to_pale_oak_pressure_plate,stripped_pale_oak_log,pale_oak_pressure_plate,4
stripped_pale_oak_log_to_pale_oak_button,stripped_pale_oak_log,pale_oak_button,4
stripped_pale_oak_log_to_pale_oak_sign,stripped_pale_oak_log,pale_oak_sign,4
stripped_pale_oak_wood_to_pale_oak_planks,stripped_pale_oak_wood,pale_oak_planks,4
stripped_pale_oak_wood_to_stick,stripped_pale_oak_wood,stick,8
stripped_pale_oak_wood_to_pale_oak_stairs,stripped_pale_oak_wood,pale_oak_stairs,4
stripped_pale_oak_wood_to_pale_oak_slab,stripped_pale_oak_wood,pale_oak_slab,8
stripped_pale_oak_wood_to_pale_oak_fence,stripped_pale_oak_wood,pale_oak_fence,4
stripped_pale_oak_wood_to_pale_oak_fence_gate,stripped_pale_oak_wood,pale_oak_fence_gate,4
stripped_pale_oak_wood_to_pale_oak_door,stripped_pale_oak_wood,pale_oak_door,4
stripped_pale_oak_wood_to_pale_oak_trapdoor,stripped_pale_oak_wood,pale_oak_trapdoor,4
stripped_pale_oak_wood_to_pale_oak_pressure_plate,stripped_pale_oak_wood,pale_oak_pressure_plate,4
stripped_pale_oak_wood_to_pale_oak_button,stripped_pale_oak_wood,pale_oak_button,4
stripped_pale_oak_wood_to_pale_oak_sign,stripped_pale_oak_wood,pale_oak_sign,4
crimson_planks_to_stick,crimson_planks,stick,2
crimson_planks_to_crimson_stairs,crimson_planks,crimson_stairs,1
crimson_planks_to_crimson_slab,crimson_planks,crimson_slab,2
crimson_planks_to_crimson_fence,crimson_planks,crimson_fence,1
crimson_planks_to_crimson_fence_gate,crimson_planks,crimson_fence_gate,1
crimson_planks_to_crimson_door,crimson_planks,crimson_door,1
crimson_planks_to_crimson_trapdoor,crimson_planks,crimson_trapdoor,1
crimson_planks_to_crimson_pressure_plate,crimson_planks,crimson_pressure_plate,1
crimson_planks_to_crimson_button,crimson_planks,crimson_button,1
crimson_planks_to_crimson_sign,crimson_planks,crimson_sign,1
crimson_stem_to_crimson_planks,crimson_stem,crimson_planks,4
crimson_stem_to_stick,crimson_stem,stick,8
crimson_stem_to_crimson_stairs,crimson_stem,crimson_stairs,4
crimson_stem_to_crimson_slab,crimson_stem,crimson_slab,8
crimson_stem_to_crimson_fence,crimson_stem,crimson_fence,4
crimson_stem_to_crimson_fence_gate,crimson_stem,crimson_fence_gate,4
crimson_stem_to_crimson_door,crimson_stem,crimson_door,4
crimson_stem_to_crimson_trapdoor,crimson_stem,crimson_trapdoor,4
crimson_stem_to_crimson_pressure_plate,crimson_stem,crimson_pressure_plate,4
crimson_stem_to_crimson_button,crimson_stem,crimson_button,4
crimson_stem_to_crimson_sign,crimson_stem,crimson_sign,4
crimson_hyphae_to_crimson_planks,crimson_hyphae,crimson_planks,4
crimson_hyphae_to_stick,crimson_hyphae,stick,8
crimson_hyphae_to_crimson_stairs,crimson_hyphae,crimson_stairs,4
crimson_hyphae_to_crimson_slab,crimson_hyphae,crimson_slab,8
crimson_hyphae_to_crimson_fence,crimson_hyphae,crimson_fence,4
crimson_hyphae_to_crimson_fence_gate,crimson_hyphae,crimson_fence_gate,4
crimson_hyphae_to_crimson_door,crimson_hyphae,crimson_door,4
crimson_hyphae_to_crimson_trapdoor,crimson_hyphae,crimson_trapdoor,4
crimson_hyphae_to_crimson_pressure_plate,crimson_hyphae,crimson_pressure_plate,4
crimson_hyphae_to_crimson_button,crimson_hyphae,crimson_button,4
crimson_hyphae_to_crimson_sign,crimson_hyphae,crimson_sign,4
stripped_crimson_stem_to_crimson_planks,stripped_crimson_stem,crimson_planks,4
stripped_crimson_stem_to_stick,stripped_crimson_stem,stick,8
stripped_crimson_stem_to_crimson_stairs,stripped_crimson_stem,crimson_stairs,4
stripped_crimson_stem_to_crimson_slab,stripped_crimson_stem,crimson_slab,8
stripped_crimson_stem_to_crimson_fence,stripped_crimson_stem,crimson_fence,4
stripped_crimson_stem_to_crimson_fence_gate,stripped_crimson_stem,crimson_fence_gate,4
stripped_crimson_stem_to_crimson_door,stripped_crimson_stem,crimson_door,4
stripped_crimson_stem_to_crimson_trapdoor,stripped_crimson_stem,crimson_trapdoor,4
stripped_crimson_stem_to_crimson_pressure_plate,stripped_crimson_stem,crimson_pressure_plate,4
stripped_crimson_stem_to_crimson_button,stripped_crimson_stem,crimson_button,4
stripped_crimson_stem_to_crimson_sign,stripped_crimson_stem,crimson_sign,4
stripped_crimson_hyphae_to_crimson_planks,stripped_crimson_hyphae,crimson_planks,4
stripped_crimson_hyphae_to_stick,stripped_crimson_hyphae,stick,8
stripped_crimson_hyphae_to_crimson_stairs,stripped_crimson_hyphae,crimson_stairs,4
stripped_crimson_hyphae_to_crimson_slab,stripped_crimson_hyphae,crimson_slab,8
stripped_crimson_hyphae_to_crimson_fence,stripped_crimson_hyphae,crimson_fence,4
stripped_crimson_hyphae_to_crimson_fence_gate,stripped_crimson_hyphae,crimson_fence_gate,4
stripped_crimson_hyphae_to_crimson_door,stripped_crimson_hyphae,crimson_door,4
stripped_crimson_hyphae_to_crimson_trapdoor,stripped_crimson_hyphae,crimson_trapdoor,4
stripped_crimson_hyphae_to_crimson_pressure_plate,stripped_crimson_hyphae,crimson_pressure_plate,4
stripped_crimson_hyphae_to_crimson_button,stripped_crimson_hyphae,crimson_button,4
stripped_crimson_hyphae_to_crimson_sign,stripped_crimson_hyphae,crimson_sign,4
warped_planks_to_stick,warped_planks,stick,2
warped_planks_to_warped_stairs,warped_planks,warped_stairs,1
warped_planks_to_warped_slab,warped_planks,warped_slab,2
warped_planks_to_warped_fence,warped_planks,warped_fence,1
warped_planks_to_warped_fence_gate,warped_planks,warped_fence_gate,1
warped_planks_to_warped_door,warped_planks,warped_door,1
warped_planks_to_warped_trapdoor,warped_planks,warped_trapdoor,1
warped_planks_to_warped_pressure_plate,warped_planks,warped_pressure_plate,1
warped_planks_to_warped_button,warped_planks,warped_button,1
warped_planks_to_warped_sign,warped_planks,warped_sign,1
warped_stem_to_warped_planks,warped_stem,warped_planks,4
warped_stem_to_stick,warped_stem,stick,8
warped_stem_to_warped_stairs,warped_stem,warped_stairs,4
warped_stem_to_warped_slab,warped_stem,warped_slab,8
warped_stem_to_warped_fence,warped_stem,warped_fence,4
warped_stem_to_warped_fence_gate,warped_stem,warped_fence_gate,4
warped_stem_to_warped_door,warped_stem,warped_door,4
warped_stem_to_warped_trapdoor,warped_stem,warped_trapdoor,4
warped_stem_to_warped_pressure_plate,warped_stem,warped_pressure_plate,4
warped_stem_to_warped_button,warped_stem,warped_button,4
warped_stem_to_warped_sign,warped_stem,warped_sign,4
warped_hyphae_to_warped_planks,warped_hyphae,warped_planks,4
warped_hyphae_to_stick,warped_hyphae,stick,8
warped_hyphae_to_warped_stairs,warped_hyphae,warped_stairs,4
warped_hyphae_to_warped_slab,warped_hyphae,warped_slab,8
warped_hyphae_to_warped_fence,warped_hyphae,warped_fence,4
warped_hyphae_to_warped_fence_gate,warped_hyphae,warped_fence_gate,4
warped_hyphae_to_warped_door,warped_hyphae,warped_door,4
warped_hyphae_to_warped_trapdoor,warped_hyphae,warped_trapdoor,4
warped_hyphae_to_warped_pressure_plate,warped_hyphae,warped_pressure_plate,4
warped_hyphae_to_warped_button,warped_hyphae,warped_button,4
warped_hyphae_to_warped_sign,warped_hyphae,warped_sign,4
stripped_warped_stem_to_warped_planks,stripped_warped_stem,warped_planks,4
stripped_warped_stem_to_stick,stripped_warped_stem,stick,8
stripped_warped_stem_to_warped_stairs,stripped_warped_stem,warped_stairs,4
stripped_warped_stem_to_warped_slab,stripped_warped_stem,warped_slab,8
stripped_warped_stem_to_warped_fence,stripped_warped_stem,warped_fence,4
stripped_warped_stem_to_warped_fence_gate,stripped_warped_stem,warped_fence_gate,4
stripped_warped_stem_to_warped_door,stripped_warped_stem,warped_door,4
stripped_warped_stem_to_warped_trapdoor,stripped_warped_stem,warped_trapdoor,4
stripped_warped_stem_to_warped_pressure_plate,stripped_warped_stem,warped_pressure_plate,4
stripped_warped_stem_to_warped_button,stripped_warped_stem,warped_button,4
stripped_warped_stem_to_warped_sign,stripped_warped_stem,warped_sign,4
stripped_warped_hyphae_to_warped_planks,stripped_warped_hyphae,warped_planks,4
stripped_warped_hyphae_to_stick,stripped_warped_hyphae,stick,8
stripped_warped_hyphae_to_warped_stairs,stripped_warped_hyphae,warped_stairs,4
stripped_warped_hyphae_to_warped_slab,stripped_warped_hyphae,warped_slab,8
stripped_warped_hyphae_to_warped_fence,stripped_warped_hyphae,warped_fence,4
stripped_warped_hyphae_to_warped_fence_gate,stripped_warped_hyphae,warped_fence_gate,4
stripped_warped_hyphae_to_warped_door,stripped_warped_hyphae,warped_door,4
stripped_warped_hyphae_to_warped_trapdoor,stripped_warped_hyphae,warped_trapdoor,4
stripped_warped_hyphae_to_warped_pressure_plate,stripped_warped_hyphae,warped_pressure_plate,4
stripped_warped_hyphae_to_warped_button,stripped_warped_hyphae,warped_button,4
stripped_warped_hyphae_to_warped_sign,stripped_warped_hyphae,warped_sign,4
bamboo_planks_to_stick,bamboo_planks,stick,2
bamboo_planks_to_bamboo_stairs,bamboo_planks,bamboo_stairs,1
bamboo_planks_to_bamboo_slab,bamboo_planks,bamboo_slab,2
bamboo_planks_to_bamboo_fence,bamboo_planks,bamboo_fence,1
bamboo_planks_to_bamboo_fence_gate,bamboo_planks,bamboo_fence_gate,1
bamboo_planks_to_bamboo_door,bamboo_planks,bamboo_door,1
bamboo_planks_to_bamboo_trapdoor,bamboo_planks,bamboo_trapdoor,1
bamboo_planks_to_bamboo_pressure_plate,bamboo_planks,bamboo_pressure_plate,1
bamboo_planks_to_bamboo_button,bamboo_planks,bamboo_button,1
bamboo_planks_to_bamboo_sign,bamboo_planks,bamboo_sign,1
bamboo_planks_to_bamboo_mosaic,bamboo_planks,bamboo_mosaic,1
bamboo_planks_to_bamboo_mosaic_stairs,bamboo_planks,bamboo_mosaic_stairs,1
bamboo_planks_to_bamboo_mosaic_slab,bamboo_planks,bamboo_mosaic_slab,2
bamboo_block_to_bamboo_planks,bamboo_block,bamboo_planks,4
bamboo_block_to_stick,bamboo_block,stick,8
bamboo_block_to_bamboo_stairs,bamboo_block,bamboo_stairs,4
bamboo_block_to_bamboo_slab,bamboo_block,bamboo_slab,8
bamboo_block_to_bamboo_fence,bamboo_block,bamboo_fence,4
bamboo_block_to_bamboo_fence_gate,bamboo_block,bamboo_fence_gate,4
bamboo_block_to_bamboo_door,bamboo_block,bamboo_door,4
bamboo_block_to_bamboo_trapdoor,bamboo_block,bamboo_trapdoor,4
bamboo_block_to_bamboo_pressure_plate,bamboo_block,bamboo_pressure_plate,4
bamboo_block_to_bamboo_button,bamboo_block,bamboo_button,4
bamboo_block_to_bamboo_sign,bamboo_block,bamboo_sign,4
bamboo_block_to_bamboo_mosaic,bamboo_block,bamboo_mosaic,4
bamboo_block_to_bamboo_mosaic_stairs,bamboo_block,bamboo_mosaic_stairs,4
bamboo_block_to_bamboo_mosaic_slab,bamboo_block,bamboo_mosaic_slab,8
stripped_bamboo_block_to_bamboo_planks,stripped_bamboo_block,bamboo_planks,4
stripped_bamboo_block_to_stick,stripped_bamboo_block,stick,8
stripped_bamboo_block_to_bamboo_stairs,stripped_bamboo_block,bamboo_stairs,4
stripped_bamboo_block_to_bamboo_slab,stripped_bamboo_block,bamboo_slab,8
stripped_bamboo_block_to_bamboo_fence,stripped_bamboo_block,bamboo_fence,4
stripped_bamboo_block_to_bamboo_fence_gate,stripped_bamboo_block,bamboo_fence_gate,4
stripped_bamboo_block_to_bamboo_door,stripped_bamboo_block,bamboo_door,4
stripped_bamboo_block_to_bamboo_trapdoor,stripped_bamboo_block,bamboo_trapdoor,4
stripped_bamboo_block_to_bamboo_pressure_plate,stripped_bamboo_block,bamboo_pressure_plate,4
stripped_bamboo_block_to_bamboo_button,stripped_bamboo_block,bamboo_button,4
stripped_bamboo_block_to_bamboo_sign,stripped_bamboo_block,bamboo_sign,4
stripped_bamboo_block_to_bamboo_mosaic,stripped_bamboo_block,bamboo_mosaic,4
stripped_bamboo_block_to_bamboo_mosaic_stairs,stripped_bamboo_block,bamboo_mosaic_stairs,4
stripped_bamboo_block_to_bamboo_mosaic_slab,stripped_bamboo_block,bamboo_mosaic_slab,8
deepslate_to_cobbled_deepslate,deepslate,cobbled_deepslate,1
deepslate_to_cobbled_deepslate_stairs,deepslate,cobbled_deepslate_stairs,1
deepslate_to_cobbled_deepslate_slab,deepslate,cobbled_deepslate_slab,1
deepslate_to_cobbled_deepslate_wall,deepslate,cobbled_deepslate_wall,1
deepslate_to_polished_deepslate,deepslate,polished_deepslate,1
deepslate_to_polished_deepslate_stairs,deepslate,polished_deepslate_stairs,1
deepslate_to_polished_deepslate_slab,deepslate,polished_deepslate_slab,1
deepslate_to_polished_deepslate_wall,deepslate,polished_deepslate_wall,1
deepslate_to_deepslate_bricks,deepslate,deepslate_bricks,1
deepslate_to_deepslate_brick_stairs,deepslate,deepslate_brick_stairs,1
deepslate_to_deepslate_brick_slab,deepslate,deepslate_brick_slab,1
deepslate_to_deepslate_brick_wall,deepslate,deepslate_brick_wall,1
deepslate_to_deepslate_tiles,deepslate,deepslate_tiles,1
deepslate_to_deepslate_tile_stairs,deepslate,deepslate_tile_stairs,1
deepslate_to_deepslate_tile_slab,deepslate,deepslate_tile_slab,1
deepslate_to_deepslate_tile_wall,deepslate,deepslate_tile_wall,1
stone_to_cobblestone,stone,cobblestone,1
stone_to_cobblestone_stairs,stone,cobblestone_stairs,1
stone_to_cobblestone_slab,stone,cobblestone_slab,1
stone_to_cobblestone_wall,stone,cobblestone_wall,1
stone_to_mossy_cobblestone,stone,mossy_cobblestone,1
stone_to_mossy_cobblestone_stairs,stone,mossy_cobblestone_stairs,1
stone_to_mossy_cobblestone_slab,stone,mossy_cobblestone_slab,1
stone_to_mossy_cobblestone_wall,stone,mossy_cobblestone_wall,1
